[
  {
    "name": "cloud_env",
    "property": {
      "description": "",
      "required": false,
      "type": "string",
      "status": "",
      "constraints": [
        {}
      ],
      "entry_schema": {
        "type": ""
      }
    },
    "input-param": false,
    "dictionary-name": "cloud_env",
    "dictionary-source": "primary-config-data",
    "dependencies": [
      "service-instance-id",
      "vnf-id"
    ],
    "version": 0
  },
  
  {
    "name": "vpg_private_ip_0",
    "property": {
      "description": "",
      "required": false,
      "type": "string",
      "status": "",
      "constraints": [
        {}
      ],
      "entry_schema": {
        "type": ""
      }
    },
    "input-param": false,
    "dictionary-name": "vpg_private_ip_0",
    "dictionary-source": "primary-config-data",
    "dependencies": [
      "service-instance-id",
      "vnf-id"
    ],
    "version": 0
  },
  
  
   
     
  {
    "name": "private1-prefix-id",
    "property": {
      "description": "",
      "required": false,
      "type": "string",
      "status": "",
      "constraints": [
        {}
      ],
      "entry_schema": {
        "type": ""
      },
      "default": ""
    },
    "input-param": false,
    "dictionary-name": "private1-prefix-id",
    "dictionary-source": "processor-db",
    "dependencies": [],
    "version": 0
  },
    {
    "name": "management-prefix-id",
    "property": {
      "description": "",
      "required": false,
      "type": "string",
      "status": "",
      "constraints": [
        {}
      ],
      "entry_schema": {
        "type": ""
      },
      "default": ""
    },
    "input-param": false,
    "dictionary-name": "management-prefix-id",
    "dictionary-source": "processor-db",
    "dependencies": [],
    "version": 0
  },
  {
    "name": "onap_private_net_cidr",
    "property": {
      "description": "",
      "required": false,
      "type": "string",
      "status": "",
      "constraints": [
        {}
      ],
      "entry_schema": {
        "type": ""
      }
    },
    "input-param": false,
    "dictionary-name": "onap_private_net_cidr",
    "dictionary-source": "primary-config-data",
    "dependencies": [
      "service-instance-id",
      "vnf-id"
    ],
    "version": 0
  },
  {
    "name": "vf_module_name",
    "property": {
      "description": "",
      "required": false,
      "type": "string",
      "status": "",
      "constraints": [
        {}
      ],
      "entry_schema": {
        "type": ""
      },
      "default": "${vf_module_name}"
    },
    "input-param": false,
    "dictionary-name": "vf_module_name",
    "dictionary-source": "default",
    "dependencies": [],
    "version": 0
  },
  {
    "name": "install_script_version",
    "property": {
      "description": "",
      "required": false,
      "type": "string",
      "status": "",
      "constraints": [
        {}
      ],
      "entry_schema": {
        "type": ""
      }
	
    },
    "input-param": false,
    "dictionary-name": "install_script_version",
    "dictionary-source": "primary-config-data",
    "dependencies": [
	 "service-instance-id",
      "vnf-id"
    ],
    "version": 0
  },
    {
    "name": "demo_artifacts_version",
    "property": {
      "description": "",
      "required": false,
      "type": "string",
      "status": "",
      "constraints": [
        {}
      ],
      "entry_schema": {
        "type": ""
      }
	
    },
    "input-param": false,
    "dictionary-name": "demo_artifacts_version",
    "dictionary-source": "primary-config-data",
    "dependencies": [
	 "service-instance-id",
      "vnf-id"
    ],
    "version": 0
  },

 
 
  {
    "name": "nfc-naming-code",
    "property": {
      "description": "",
      "required": false,
      "type": "string",
      "status": "",
      "constraints": [
        {}
      ],
      "entry_schema": {
        "type": ""
      }
    },
    "input-param": false,
    "dictionary-name": "nfc-naming-code",
    "dictionary-source": "processor-db",
    "dependencies": [
      "vfccustomizationuuid"
    ],
    "version": 0
  },
  {
    "name": "onap_private_net_id",
    "property": {
      "description": "",
      "required": false,
      "type": "string",
      "status": "",
      "constraints": [
        {}
      ],
      "entry_schema": {
        "type": ""
      }
    },
    "input-param": false,
    "dictionary-name": "onap_private_net_id",
    "dictionary-source": "primary-config-data",
    "dependencies": [
      "service-instance-id",
      "vnf-id"
    ],
    "version": 0
  },
  {
    "name": "onap_private_subnet_id",
    "property": {
      "description": "",
      "required": false,
      "type": "string",
      "status": "",
      "constraints": [
        {}
      ],
      "entry_schema": {
        "type": ""
      }
    },
    "input-param": false,
    "dictionary-name": "onap_private_subnet_id",
    "dictionary-source": "primary-config-data",
    "dependencies": [
      "service-instance-id",
      "vnf-id"
    ],
    "version": 0
  },
    {
    "name": "unprotected_private_net_cidr",
    "property": {
      "description": "",
      "required": false,
      "type": "string",
      "status": "",
      "constraints": [
        {}
      ],
      "entry_schema": {
        "type": ""
      }
    },
    "input-param": false,
    "dictionary-name": "unprotected_private_net_cidr",
    "dictionary-source": "primary-config-data",
    "dependencies": [
      "service-instance-id",
      "vnf-id"
    ],
    "version": 0
  },
      {
    "name": "protected_private_net_cidr",
    "property": {
      "description": "",
      "required": false,
      "type": "string",
      "status": "",
      "constraints": [
        {}
      ],
      "entry_schema": {
        "type": ""
      }
    },
    "input-param": false,
    "dictionary-name": "protected_private_net_cidr",
    "dictionary-source": "primary-config-data",
    "dependencies": [
      "service-instance-id",
      "vnf-id"
    ],
    "version": 0
  },
  {
    "name": "public_net_id",
    "property": {
      "description": "",
      "required": false,
      "type": "string",
      "status": "",
      "constraints": [
        {}
      ],
      "entry_schema": {
        "type": ""
      }
    },
    "input-param": false,
    "dictionary-name": "public_net_id",
    "dictionary-source": "primary-config-data",
    "dependencies": [
      "service-instance-id",
      "vnf-id"
    ],
    "version": 0
  },
   {
    "name": "key_name",
    "property": {
      "description": "",
      "required": false,
      "type": "string",
      "status": "",
      "constraints": [
        {}
      ],
      "entry_schema": {
        "type": ""
      }
    },
    "input-param": false,
    "dictionary-name": "key_name",
    "dictionary-source": "primary-config-data",
    "dependencies": [
      "service-instance-id",
      "vnf-id"
    ],
    "version": 0
  },
   {
    "name": "pub_key",
    "property": {
      "description": "",
      "required": false,
      "type": "string",
      "status": "",
      "constraints": [
        {}
      ],
      "entry_schema": {
        "type": ""
      }
    },
    "input-param": false,
    "dictionary-name": "pub_key",
    "dictionary-source": "primary-config-data",
    "dependencies": [
      "service-instance-id",
      "vnf-id"
    ],
    "version": 0
  },
  {
    "name": "sec_group",
    "property": {
      "description": "",
      "required": false,
      "type": "string",
      "status": "",
      "constraints": [
        {}
      ],
      "entry_schema": {
        "type": ""
      }
    },
    "input-param": false,
    "dictionary-name": "sec_group",
    "dictionary-source": "primary-config-data",
    "dependencies": [
      "service-instance-id",
      "vnf-id"
    ],
    "version": 0
  },
  {
    "name": "service-instance-id",
    "property": {
      "description": "",
      "required": false,
      "type": "string",
      "status": "",
      "constraints": [
        {}
      ],
      "entry_schema": {
        "type": ""
      }
    },
    "input-param": false,
    "dictionary-name": "service-instance-id",
    "dictionary-source": "input",
    "dependencies": [],
    "version": 0
  },
 
  {
    "name": "vfw_name_0",
    "property": {
      "description": "",
      "required": false,
      "type": "string",
      "status": "",
      "constraints": [
        {}
      ],
      "entry_schema": {
        "type": ""
      },
      "default": "${vfw_name_0}"
    },
    "input-param": false,
    "dictionary-name": "vfw_name_0",
    "dictionary-source": "default",
    "dependencies": [],
    "version": 0
  },
    {
    "name": "vfw_private_ip_2",
    "property": {
      "description": "",
      "required": false,
      "type": "string",
      "status": "",
      "constraints": [
        {}
      ],
      "entry_schema": {
        "type": ""
      },
      "default": "${vfw_private_ip_2}"
    },
    "input-param": false,
    "dictionary-name": "vfw_private_ip_2",
    "dictionary-source": "default",
    "dependencies": [],
    "version": 0
  },
 
  {
    "name": "vf-module-id",
    "property": {
      "description": "",
      "required": false,
      "type": "string",
      "status": "",
      "constraints": [
        {}
      ],
      "entry_schema": {
        "type": ""
      }
    },
    "input-param": false,
    "dictionary-name": "vf-module-id",
    "dictionary-source": "input",
    "dependencies": [],
    "version": 0
  },
  {
    "name": "vf-module-label",
    "property": {
      "description": "",
      "required": false,
      "type": "string",
      "status": "",
      "constraints": [
        {}
      ],
      "entry_schema": {
        "type": ""
      }
    },
    "input-param": false,
    "dictionary-name": "vf-module-label",
    "dictionary-source": "processor-db",
    "dependencies": [
      "vf-module-model-customization-uuid"
    ],
    "version": 0
  },
  {
    "name": "vf-module-model-customization-uuid",
    "property": {
      "description": "",
      "required": false,
      "type": "string",
      "status": "",
      "constraints": [
        {}
      ],
      "entry_schema": {
        "type": ""
      }
    },
    "input-param": false,
    "dictionary-name": "vf-module-model-customization-uuid",
    "dictionary-source": "input",
    "dependencies": [],
    "version": 0
  },
  {
    "name": "vf-module-type",
    "property": {
      "description": "",
      "required": false,
      "type": "string",
      "status": "",
      "constraints": [
        {}
      ],
      "entry_schema": {
        "type": ""
      }
    },
    "input-param": false,
    "dictionary-name": "vf-module-type",
    "dictionary-source": "processor-db",
    "dependencies": [
      "vf-module-model-customization-uuid"
    ],
    "version": 0
  },
    {
    "name": "vf-naming-policy",
    "property": {
      "description": "",
      "required": false,
      "type": "string",
      "status": "",
      "constraints": [
        {}
      ],
      "entry_schema": {
        "type": ""
      }
	  },
    "input-param": false,
    "dictionary-name": "vf-naming-policy",
    "dictionary-source": "primary-config-data",
    "dependencies": [
	  "service-instance-id",
      "vnf-id"
	],
    "version": 0
  },
  
  {
    "name": "vfccustomizationuuid",
    "property": {
      "description": "",
      "required": false,
      "type": "string",
      "status": "",
      "constraints": [
        {}
      ],
      "entry_schema": {
        "type": ""
      }
    },
    "input-param": false,
    "dictionary-name": "vfccustomizationuuid",
    "dictionary-source": "processor-db",
    "dependencies": [
      "vf-module-model-customization-uuid"
    ],
    "version": 0
  },
 
  {
    "name": "vnf-id",
    "property": {
      "description": "",
      "required": false,
      "type": "string",
      "status": "",
      "constraints": [
        {}
      ],
      "entry_schema": {
        "type": ""
      }
    },
    "input-param": false,
    "dictionary-name": "vnf-id",
    "dictionary-source": "input",
    "dependencies": [],
    "version": 0
  },
  {
    "name": "vnf-model-customization-uuid",
    "property": {
      "description": "",
      "required": false,
      "type": "string",
      "status": "",
      "constraints": [
        {}
      ],
      "entry_schema": {
        "type": ""
      }
    },
    "input-param": false,
    "dictionary-name": "vnf-model-customization-uuid",
    "dictionary-source": "input",
    "dependencies": [],
    "version": 0
  },
  {
    "name": "vnf_name",
    "property": {
      "description": "",
      "required": false,
      "type": "string",
      "status": "",
      "constraints": [
        {}
      ],
      "entry_schema": {
        "type": ""
      }
    },
    "input-param": false,
    "dictionary-name": "vnf_name",
    "dictionary-source": "primary-config-data",
    "dependencies": [
      "service-instance-id",
      "vnf-id"
    ],
    "version": 0
  },
  {
    "name": "vnfc-model-invariant-uuid",
    "property": {
      "description": "",
      "required": false,
      "type": "string",
      "status": "",
      "constraints": [
        {}
      ],
      "entry_schema": {
        "type": ""
      }
    },
    "input-param": false,
    "dictionary-name": "vnfc-model-invariant-uuid",
    "dictionary-source": "processor-db",
    "dependencies": [
      "vfccustomizationuuid"
    ],
    "version": 0
  },
  {
    "name": "image_name",
    "property": {
      "description": "",
      "required": false,
      "type": "string",
      "status": "",
      "constraints": [
        {}
      ],
      "entry_schema": {
        "type": ""
      }
	  },
    "input-param": false,
    "dictionary-name": "image_name",
    "dictionary-source": "primary-config-data",
    "dependencies": [
	  "service-instance-id",
      "vnf-id"
	  ],
    "version": 0
  },
   {
    "name": "flavor_name",
    "property": {
      "description": "",
      "required": false,
      "type": "string",
      "status": "",
      "constraints": [
        {}
      ],
      "entry_schema": {
        "type": ""
      }
	  },
    "input-param": false,
    "dictionary-name": "flavor_name",
    "dictionary-source": "primary-config-data",
    "dependencies": [
	  "service-instance-id",
      "vnf-id"
	  ],
    "version": 0
  },
  {
    "name": "vnfc-model-version",
    "property": {
      "description": "",
      "required": false,
      "type": "string",
      "status": "",
      "constraints": [
        {}
      ],
      "entry_schema": {
        "type": ""
      }
    },
    "input-param": false,
    "dictionary-name": "vnfc-model-version",
    "dictionary-source": "processor-db",
    "dependencies": [
      "vfccustomizationuuid"
    ],
    "version": 0
  }
]+